,Doug Walker,,,131,,Rob Walker,131,,Documentary,Doug Walker,Star Wars: Episode VII - The Force Awakens             ,8,143,,0,,http://www.imdb.com/title/tt5289954/?ref_=fn_tt_tt_1,,,,,,,12,7.1,,0
Color,,21,60,,184,Philip Michael Thomas,982,,Action|Crime|Drama|Mystery|Thriller,Don Johnson,Miami Vice             ,16769,1687,John Diehl,2,cult tv|detective|drugs|police|undercover,http://www.imdb.com/title/tt0086759/?ref_=fn_tt_tt_1,74,English,,TV-14,1500000,,321,7.5,1.33,0
Color,,29,60,,432,Dirk Benedict,669,,Action|Adventure|Crime,George Peppard,The A-Team             ,25402,1655,Dwight Schultz,4,1980s|cult tv|famous opening theme|good versus evil|hero for hire,http://www.imdb.com/title/tt0084967/?ref_=fn_tt_tt_1,97,English,,TV-PG,,,554,7.6,4.0,0
,Christopher Barnard,,22,0,,,5,,Comedy,Mathew Buck,"10,000 B.C.             ",6,5,,0,,http://www.imdb.com/title/tt1869849/?ref_=fn_tt_tt_1,,,,,,,,7.2,,0
Color,,103,44,,148,Scott Thompson,544,,Crime|Drama|Horror|Mystery|Thriller,Caroline Dhavernas,Hannibal             ,159910,996,Hettienne Park,1,blood|cannibalism|fbi|manipulation|psychiatrist,http://www.imdb.com/title/tt2243973/?ref_=fn_tt_tt_1,270,English,,TV-14,,,183,8.6,1.78,59000
,,95,54,,0,Royce Johnson,577,,Action|Adventure|Crime|Drama|Sci-Fi|Thriller,Elden Henson,Daredevil             ,213483,581,Charlie Cox,0,corruption|lawyer|partnership|superhero|vigilante,http://www.imdb.com/title/tt3322312/?ref_=fn_tt_tt_1,394,English,,TV-MA,,,4,8.8,16.0,55000
 Black and White,,31,25,,474,Agnes Moorehead,1000,,Comedy|Family|Fantasy,Elizabeth Montgomery,Bewitched             ,11427,2614,Dick York,1,connecticut|magic|marriage|witch|witchcraft,http://www.imdb.com/title/tt0057733/?ref_=fn_tt_tt_1,71,English,,TV-G,,,960,7.6,4.0,0
Color,,12,43,,218,Matt Ryan,1000,,Drama|Fantasy|Horror|Thriller,Harold Perrineau,Constantine             ,36919,1990,Charles Halford,1,based on comic|based on comic book|dc arrowverse|dc comics|supernatural,http://www.imdb.com/title/tt3489184/?ref_=fn_tt_tt_1,94,English,,TV-14,,,560,7.5,16.0,10000
Color,,12,45,,0,Brent Sexton,374,,Crime|Drama|Mystery,Adam Arkin,,29450,504,,1,cop|murder|partner|police|protective male,http://www.imdb.com/title/tt0874936/?ref_=fn_tt_tt_1,67,English,,,,,130,8.3,,0
Color,,39,45,,160,Katia Winter,898,,Adventure|Drama|Fantasy|Mystery|Thriller,,Sleepy Hollow             ,49049,1430,,0,apocalypse|death|husband wife relationship|mother son relationship|murder,http://www.imdb.com/title/tt2647544/?ref_=fn_tt_tt_1,110,English,,TV-14,,,372,7.5,16.0,14000
Color,,4,30,,359,Kaitlyn Dever,995,,Comedy,Hector Elizondo,,15114,2465,,1,family relationships|husband wife relationship|live studio audience|sitcom|three word title,http://www.imdb.com/title/tt1828327/?ref_=fn_tt_tt_1,87,English,,TV-PG,,,363,7.4,16.0,0
Color,,14,60,,575,,1000,,Crime|Drama|Mystery,Jason Flemyng,The Missing             ,8739,3537,Frances O'Connor,0,france|journalist|limp|police detective|reporter,http://www.imdb.com/title/tt3877200/?ref_=fn_tt_tt_1,28,English,,,,,773,8.1,,0
Color,,8,22,,402,Oliver Hudson,732,,Comedy|Romance,Bianca Kajlich,Rules of Engagement             ,26404,2064,Adhir Kalyan,3,fiance|fiancee|magazine editor|naivety|womanizer,http://www.imdb.com/title/tt0790772/?ref_=fn_tt_tt_1,41,English,,TV-PG,,,607,7.3,1.78,0
Color,,20,22,,271,Soleil Moon Frye,870,,Comedy|Family|Fantasy,,"Sabrina, the Teenage Witch             ",24420,2433,Caroline Rhea,1,female protagonist|hereditary gift of witchcraft|magic|supernatural|witch,http://www.imdb.com/title/tt0115341/?ref_=fn_tt_tt_1,94,English,,TV-G,3000000,,558,6.6,1.33,990
Color,,46,30,,479,Kristin Davis,962,,Comedy|Romance,,Sex and the City             ,80025,2558,,0,casual sex|friendship|friendship between women|gay|singles,http://www.imdb.com/title/tt0159206/?ref_=fn_tt_tt_1,238,English,,TV-MA,,,722,7.0,1.33,0
Color,,26,22,,676,,883,,Comedy|Romance,Barry Corbin,Anger Management             ,26992,4115,Brian Austin Green,1,anger management|argument|irony|sarcasm|therapist,http://www.imdb.com/title/tt1986770/?ref_=fn_tt_tt_1,54,English,,,,,701,6.7,16.0,0
Color,,77,44,,72,Don S. Davis,847,,Action|Adventure|Drama|Sci-Fi,Christopher Judge,Stargate SG-1             ,63982,1359,Gary Jones,4,2000s|21st century|alternate history|message from outer space|military,http://www.imdb.com/title/tt0118480/?ref_=fn_tt_tt_1,181,English,,TV-14,1400000,,440,8.4,1.33,0
Color,,2,45,,132,Gemma Jones,416,,Crime|Drama,Bernard Hill,,1824,1816,,2,,http://www.imdb.com/title/tt4192812/?ref_=fn_tt_tt_1,9,English,,,,,171,7.9,,0
Color,,14,105,,5,Bruce Alexander,325,,Crime|Drama|Mystery,David Jason,A Touch of Frost             ,4438,344,,1,cult tv|death|detective inspector|four word title|internal affairs,http://www.imdb.com/title/tt0108967/?ref_=fn_tt_tt_1,33,English,,,,,7,7.8,1.33,361
Color,,4,60,,398,Brittany Curran,629,,Drama|Mystery|Thriller,Grey Damon,Twisted             ,7945,2758,Aaron Hill,2,,http://www.imdb.com/title/tt2355844/?ref_=fn_tt_tt_1,22,English,,,,,512,7.5,16.0,915
Color,,28,43,,600,Tony Curran,3000,,Action|Drama|Sci-Fi,Julie Benz,Defiance             ,33535,5381,Grant Bowler,3,alien|alien invasion|planet invasion|post apocalypse|year 2046,http://www.imdb.com/title/tt2189221/?ref_=fn_tt_tt_1,149,English,,TV-MA,,,845,7.0,1.78,0
Color,,30,64,,184,Graham McTavish,1000,,Drama|Romance|Sci-Fi,Tobias Menzies,Outlander             ,50391,1863,Stephen Walters,8,based on novel|clan|scotland|scottish highlands|year 1743,http://www.imdb.com/title/tt3006802/?ref_=fn_tt_tt_1,148,English,,TV-MA,,,531,8.5,16.0,31000
Color,,23,52,,114,Clotilde Hesme,164,,Drama|Fantasy|Horror|Mystery,Pierre Perrier,The Returned             ,15762,654,Céline Sallette,9,france|living dead|serial killer|small town|supernatural,http://www.imdb.com/title/tt2521668/?ref_=fn_tt_tt_1,47,French,France,TV-MA,,,116,8.3,16.0,17000
 Black and White,,4,30,,253,,870,,Comedy|War,Tim Conway,,1558,1610,Bob Hastings,1,american soldier|naval uniform|navy|patrol boat|uniform,http://www.imdb.com/title/tt0055689/?ref_=fn_tt_tt_1,18,English,,TV-G,,,284,7.5,4.0,455
Color,,3,30,,12,Melissa Altro,51,,Animation|Comedy|Family,Bruce Dinsmore,Arthur             ,8495,108,Daniel Brochu,0,based on children's book|best friend|character name in title|friend|one word title,http://www.imdb.com/title/tt0169414/?ref_=fn_tt_tt_1,43,English,Canada,TV-Y,,,21,7.4,1.33,301
Color,,22,60,,501,Wayne Knight,23000,,Comedy|Family|Sci-Fi,,3rd Rock from the Sun             ,38383,25160,Kristen Johnston,4,alien|digit in title|human form|number 3 in title|talking on a rooftop,http://www.imdb.com/title/tt0115082/?ref_=fn_tt_tt_1,86,English,,TV-PG,,,967,7.8,1.33,0
Color,,5,43,,452,Aimee Garcia,778,,Action|Comedy|Crime,Jon Foo,Rush Hour             ,2185,2255,Wendie Malick,2,,http://www.imdb.com/title/tt4085584/?ref_=fn_tt_tt_1,30,English,,TV-14,,,618,5.8,16.0,0
Color,,3,60,,628,Kimberly Elise,897,,Drama|Romance,,Hit the Floor             ,1641,3438,,4,affair|hip hop|sex scene,http://www.imdb.com/title/tt2368645/?ref_=fn_tt_tt_1,11,English,,,,,637,7.0,,265
Color,,51,60,,256,Indira Varma,2000,,Crime|Drama|Mystery|Thriller,Ruth Wilson,,70568,3823,Warren Brown,1,murder|police|psychopath,http://www.imdb.com/title/tt1474684/?ref_=fn_tt_tt_1,105,English,,TV-MA,,,729,8.6,16.0,20000
Color,,51,44,,690,Aimee Teegarden,971,,Drama|Sport,Zach Gilford,,42746,3418,Scott Porter,1,football|football coach|high school|small town|texas,http://www.imdb.com/title/tt0758745/?ref_=fn_tt_tt_1,257,English,,TV-14,,,741,8.7,1.78,0
Color,,9,60,,468,Joan Allen,971,,Drama|Mystery,Zach Gilford,The Family             ,3322,3295,,4,family drama|lie|missing child|political campaign|secret,http://www.imdb.com/title/tt4428038/?ref_=fn_tt_tt_1,30,English,,TV-PG,,,805,7.5,16.0,0
Color,,52,28,,576,Kevin Connolly,680,,Comedy|Drama,Debi Mazar,Entourage             ,135643,2867,Kevin Dillon,2,actor|fame|friendship between men|hollywood california|sitcom,http://www.imdb.com/title/tt0387199/?ref_=fn_tt_tt_1,145,English,,TV-MA,,,638,8.5,1.78,0
Color,,16,511,,51,Ingvar Eggert Sigurðsson,147,,Crime|Drama|Thriller,Ólafur Darri Ólafsson,Trapped             ,2308,307,Björn Hlynur Haraldsson,0,coastal town|iceland|police|snowstorm|winter storm,http://www.imdb.com/title/tt3561180/?ref_=fn_tt_tt_1,19,Icelandic,Iceland,,,,63,8.2,16.0,0
Color,,13,42,,442,Kirk Acevedo,757,,Adventure|Drama|Mystery|Sci-Fi|Thriller,Amanda Schull,12 Monkeys             ,20839,3309,,0,epidemic|mission|paradox|plague|virus,http://www.imdb.com/title/tt3148266/?ref_=fn_tt_tt_1,56,English,,TV-14,,,641,7.6,16.0,12000
Color,,7,42,,535,Mary Elizabeth Mastrantonio,766,,Crime|Drama|Sci-Fi|Thriller,Colin Salmon,,38177,2707,Jake McDorman,2,brain capacity|fbi|fictional drug|intelligence|taking a pill,http://www.imdb.com/title/tt4422836/?ref_=fn_tt_tt_1,131,English,,TV-14,,,638,7.9,16.0,11000
 Black and White,,15,30,,94,Art Carney,491,,Comedy|Family,Jackie Gleason,The Honeymooners             ,3446,812,Joyce Randolph,4,1950s|bus driver|money scheme|poverty|sewer,http://www.imdb.com/title/tt0042114/?ref_=fn_tt_tt_1,31,English,,,,,154,8.7,1.33,459
Color,,79,22,,424,Kaitlin Olson,813,,Comedy,Rob McElhenney,It's Always Sunny in Philadelphia             ,133415,1784,Glenn Howerton,5,alcohol|bad taste humour|crude humor|loser|self obsession,http://www.imdb.com/title/tt0472954/?ref_=fn_tt_tt_1,151,English,,TV-MA,,,547,8.8,1.33,0
Color,,12,7,,3,John Sparkes,45,,Animation|Comedy|Family,Justin Fletcher,Shaun the Sheep             ,7968,55,Kate Harbour,0,farmer|mischief|no dialog|sheep|sheepdog,http://www.imdb.com/title/tt0983983/?ref_=fn_tt_tt_1,12,English,,TV-G,,,7,8.3,,834
Color,,7,30,,265,Jennifer Hale,971,,Action|Animation|Comedy|Family|Fantasy|Sci-Fi,Elizabeth Daily,The Powerpuff Girls             ,23664,2346,Tom Kane,0,campy|castle thunder|female hero|female protagonist|monster,http://www.imdb.com/title/tt0175058/?ref_=fn_tt_tt_1,60,English,,TV-Y7,,,918,7.2,4.0,581
Color,,6,50,,543,Sarah Carter,787,,Action|Crime|Drama|Thriller,Cole Hauser,Rogue             ,1781,3276,,0,cheating wife|extramarital affair|female lead|undercover|unfaithfulness,http://www.imdb.com/title/tt2397255/?ref_=fn_tt_tt_1,23,English,,,,,748,6.8,,532
Color,,5,60,,,,98,,Game-Show|Reality-TV|Romance,Chris Harrison,The Bachelor             ,4398,98,,0,bachelor|seeking love|single guy|tv host|women rivals for man,http://www.imdb.com/title/tt0313038/?ref_=fn_tt_tt_1,33,English,,,3000000,,,2.9,,141
Color,,3,30,,295,David Mann,607,,Comedy,,Meet the Browns             ,1922,1530,Denise Boutte,2,african american|character name in title|family relationships|sitcom,http://www.imdb.com/title/tt1319598/?ref_=fn_tt_tt_1,20,English,,,,,378,3.5,1.85,211
Color,,6,24,,,,0,,Action|Adventure|Animation|Family|Fantasy,Pablo Sevilla,Yu-Gi-Oh! Duel Monsters             ,12417,0,,0,anime|based on manga|hero|surrealism|zen,http://www.imdb.com/title/tt0249327/?ref_=fn_tt_tt_1,51,Japanese,Japan,,,,,7.0,,124
Color,,,30,,215,Mark Feuerstein,909,,Comedy,,,114,1557,,2,sitcom,http://www.imdb.com/title/tt0118315/?ref_=fn_tt_tt_1,6,English,,,,,417,6.7,1.33,4
Color,,26,42,,376,Eric McCormack,1000,,Crime|Drama|Mystery|Thriller,,Perception             ,15612,2240,Scott Wolf,1,,http://www.imdb.com/title/tt1714204/?ref_=fn_tt_tt_1,29,English,,TV-14,,,440,7.5,16.0,0
Color,,,30,,9,George Coulouris,310,,Drama|Family,Peter Vaughan,The Doombolt Chase             ,18,344,Ewen Solon,4,,http://www.imdb.com/title/tt0166038/?ref_=fn_tt_tt_1,,English,,,,,11,7.2,,0
Color,,,43,,211,Jenni 'Jwoww' Farley,341,,Comedy|Drama|Reality-TV|Romance,,"Gone, Baby, Gone             ",29,1462,Paul 'Pauly D' DelVecchio,1,lifestyle,http://www.imdb.com/title/tt1697237/?ref_=fn_tt_tt_1,,English,,TV-14,,,230,6.6,1.33,0
Color,,20,44,,650,Melinda Clarke,828,,Comedy|Drama|Romance,Peter Gallagher,The O.C.             ,65785,2546,Tate Donovan,8,california|lawyer|love|orange county california|wealth,http://www.imdb.com/title/tt0362359/?ref_=fn_tt_tt_1,281,English,,TV-PG,,,787,7.5,1.78,0
,,14,60,,405,Dylan Walsh,654,,Drama|Mystery,Poppy Montgomery,,12854,1906,Dallas Roberts,1,hyperthymesia|new york city|police,http://www.imdb.com/title/tt1842530/?ref_=fn_tt_tt_1,44,,,,,,426,6.7,,0
Color,,108,334,,30,,897,145118,Biography|Crime|Drama|Thriller,Edgar Ramírez,Carlos             ,10111,1032,Katharina Schüttler,0,opec|pubic hair|revolutionary|terrorism|true crime,http://www.imdb.com/title/tt1321865/?ref_=fn_tt_tt_1,36,English,France,,,,30,7.7,2.35,0
Color,,3,60,,762,Jessika Van,1000,,Drama|Fantasy|Mystery|Thriller,Joel Courtney,The Messengers             ,7210,4561,Riley Smith,0,,http://www.imdb.com/title/tt3513704/?ref_=fn_tt_tt_1,57,English,,,,,921,6.6,16.0,0
Color,,20,45,,15,Trond Fausa,422,,Comedy|Crime|Drama,Steven Van Zandt,,19164,537,Tommy Karlsen,0,mafia|mob|norway|steve|van,http://www.imdb.com/title/tt1958961/?ref_=fn_tt_tt_1,79,English,,TV-MA,34000000,,57,8.1,16.0,16000
Color,,20,45,,260,Bobby Campo,460,,Crime|Drama|Horror|Mystery|Thriller,Bex Taylor-Klaus,Scream: The TV Series             ,18058,2380,Jason Wiles,0,generation y|millennial generation|murder|teenage girl|throat slitting,http://www.imdb.com/title/tt3921180/?ref_=fn_tt_tt_1,68,English,,TV-14,,,292,7.3,16.0,0
Color,,18,60,,186,,443,,Drama|Fantasy|Mystery|Sci-Fi,David Ogden Stiers,The Dead Zone             ,7122,981,Chris Bruno,1,psychic|psychic power|psychometry|spin off|supernatural power,http://www.imdb.com/title/tt0281432/?ref_=fn_tt_tt_1,77,English,Canada,TV-14,,,319,7.5,,576
Color,,9,286,,527,Tom Hollander,857,,Drama|History|Thriller,Anna Silk,The Company             ,3828,3809,,3,cia|mole|revolution|spy|ussr,http://www.imdb.com/title/tt0488352/?ref_=fn_tt_tt_1,39,English,,,,,555,7.9,1.78,733
Color,John Blanchard,,65,0,176,Andrea Martin,770,,Comedy,Martin Short,Towering Inferno             ,10,1125,Joe Flaherty,2,,http://www.imdb.com/title/tt0691996/?ref_=fn_tt_tt_1,,English,Canada,,,,179,9.5,1.33,0
Color,,17,60,,84,Steve Gonsalves,155,,Documentary,Amy Bruni,Ghost Hunters             ,5563,552,Jason Hawes,0,ghost|paranormal|paranormal research|shaky cam,http://www.imdb.com/title/tt0426697/?ref_=fn_tt_tt_1,57,English,,,,,130,6.6,,373
Color,,53,55,,2,,20,447093,Drama,Krystyna Janda,Dekalog             ,12590,25,,0,meaning of life|moral challenge|morality|search for meaning|ten commandments,http://www.imdb.com/title/tt0092337/?ref_=fn_tt_tt_1,37,Polish,Poland,TV-MA,,,3,9.1,1.33,0
Color,,1,41,,2,Marian Dziedziel,70,,Action|Crime|Drama|Thriller,Jacek Koman,The Border             ,271,74,Jaroslaw Boberek,4,,http://www.imdb.com/title/tt4048942/?ref_=fn_tt_tt_1,2,Polish,Poland,,,,2,7.4,,64
Color,,,88,76,75,David Dencik,690,,Action|Crime|Mystery|Thriller,,Del 1 - Män som hatar kvinnor             ,335,998,,0,,http://www.imdb.com/title/tt1639008/?ref_=fn_tt_tt_1,,Swedish,Sweden,,,,94,8.1,,22
Color,,68,55,,898,Kelvin Taylor,1000,,Action|Adventure|Biography|Drama|History,Peter Mensah,Spartacus: War of the Damned             ,173172,6091,Viva Bianca,2,female frontal nudity|female full frontal nudity|gladiator|group sex|slave girl,http://www.imdb.com/title/tt1442449/?ref_=fn_tt_tt_1,302,English,,TV-MA,,,939,8.6,16.0,31000
Color,,3,24,,44,Johnny Flynn,381,,Comedy,Antonia Thomas,,2651,592,Hannah Britland,3,blond boy|chlamydia|list|male rear nudity|young couple,http://www.imdb.com/title/tt4051832/?ref_=fn_tt_tt_1,18,English,,,,,102,7.9,,0
Color,,68,40,,476,T.J. Thyne,1000,,Comedy|Crime|Drama|Mystery|Romance,Michaela Conlin,Bones             ,111506,2198,Tamara Taylor,2,anthropologist|fbi|fbi agent|forensics|investigation,http://www.imdb.com/title/tt0460627/?ref_=fn_tt_tt_1,173,English,,TV-14,,,722,7.9,1.78,0
Color,,53,55,,2,,20,447093,Drama,Krystyna Janda,Dekalog             ,12591,25,,0,meaning of life|moral challenge|morality|search for meaning|ten commandments,http://www.imdb.com/title/tt0092337/?ref_=fn_tt_tt_1,37,Polish,Poland,TV-MA,,,3,9.1,1.33,0
Color,,1,30,,140,,177,,Drama|Romance,Ronn Moss,The Bold and the Beautiful             ,5478,639,Hunter Tylo,0,beverly hills california|family relationships|los angeles california|soap opera,http://www.imdb.com/title/tt0092325/?ref_=fn_tt_tt_1,54,English,,TV-14,,,170,3.5,1.78,748
Color,,47,23,,265,James Arnold Taylor,668,,Action|Adventure|Animation|Drama|Fantasy|Sci-Fi,Dee Bradley Baker,Star Wars: The Clone Wars             ,28190,1484,Tom Kane,0,begins with narration|female warrior|inbetwequel|jedi knight|war against machines,http://www.imdb.com/title/tt0458290/?ref_=fn_tt_tt_1,73,English,,TV-PG,,,296,7.9,2.35,2000
Color,,9,60,,460,Philip Winchester,666,,Action|Crime|Drama|Thriller,,The Player             ,5817,4043,Jeff Marlow,2,bet|friend|pit boss|secret|surveillance,http://www.imdb.com/title/tt4474310/?ref_=fn_tt_tt_1,25,English,,TV-14,,,579,7.1,16.0,0
Color,,18,60,,648,Joseph Gilgun,3000,,Adventure|Drama|Fantasy|Mystery,Dominic Cooper,Preacher             ,22848,6034,,0,heaven and hell|preacher|supernatural|vampire|vertigo comics,http://www.imdb.com/title/tt5016504/?ref_=fn_tt_tt_1,85,English,,TV-MA,,,788,8.3,16.0,18000
Color,,9,142,,427,Jack O'Connell,27000,,Drama|Romance,Tom Hardy,Wuthering Heights             ,6053,29196,,2,abuse|love|moor the landscape|revenge|tv mini series,http://www.imdb.com/title/tt1238834/?ref_=fn_tt_tt_1,33,English,,,,,698,7.7,,0
Color,,54,53,,1000,Adam Goldberg,4000,,Crime|Drama|Thriller,Kirsten Dunst,Fargo             ,170055,19949,Oliver Platt,0,anthology|death|insurance salesman|minnesota|police officer,http://www.imdb.com/title/tt2802850/?ref_=fn_tt_tt_1,173,English,,TV-MA,,,1000,9.0,1.78,61000
Color,,96,44,,970,Alyson Hannigan,4000,,Action|Drama|Fantasy|Romance,Sarah Michelle Gellar,Buffy the Vampire Slayer             ,101902,7970,Emma Caulfield,0,action heroine|coming of age|destiny|double life|vampire,http://www.imdb.com/title/tt0118276/?ref_=fn_tt_tt_1,665,English,,TV-14,2300000,,3000,8.2,1.33,6000
Color,,27,60,,346,Xander Berkeley,787,,Action|Crime|Drama|Thriller,Melinda Clarke,,42402,2352,Aaron Stanford,1,assassin|death|female protagonist|rogue|training,http://www.imdb.com/title/tt1592154/?ref_=fn_tt_tt_1,83,English,,,,,485,7.7,16.0,0
Color,,11,60,,652,Ashley Scott,10000,,Action|Drama|Mystery|Sci-Fi,Jensen Ackles,Dark Angel             ,25329,12051,John Savage,1,cat burglar|female lead|future|mixed martial arts|post apocalypse,http://www.imdb.com/title/tt0204993/?ref_=fn_tt_tt_1,160,English,,TV-14,,,794,7.4,1.33,0
Color,,10,55,,5,Fortunato Cerlino,18,,Crime|Drama|Thriller,Maria Pia Calzone,Gomorrah             ,9638,39,Marco D'Amore,5,,http://www.imdb.com/title/tt2049116/?ref_=fn_tt_tt_1,25,Italian,Italy,TV-MA,,,9,8.7,1.85,0
Color,,10,,,502,Tuppence Middleton,1000,,Drama|History|Romance|War,Jim Broadbent,War & Peace             ,9277,4528,,1,male frontal nudity|male nudity|tv mini series,http://www.imdb.com/title/tt3910804/?ref_=fn_tt_tt_1,44,English,,TV-14,,,888,8.2,16.0,11000
Color,,47,44,,724,Jason Dohring,937,,Crime|Drama|Mystery,Francis Capra,Veronica Mars             ,55524,3318,Enrico Colantoni,1,best friend|high school|private detective|sheriff|student,http://www.imdb.com/title/tt0412253/?ref_=fn_tt_tt_1,315,English,,TV-14,,,828,8.4,1.78,0
Color,,10,240,,334,Blake Ritson,805,,Comedy|Drama|Romance,Romola Garai,Emma             ,10388,2563,Rupert Evans,1,friendship|love triangle|matchmaker|naivety|opposites attract,http://www.imdb.com/title/tt1366312/?ref_=fn_tt_tt_1,50,English,,,,,432,8.2,1.78,0
Color,,15,25,,220,Belinda Stewart-Wilson,229,,Comedy|Romance,Simon Bird,The Inbetweeners             ,55987,1239,James Buckley,0,black comedy|bully|friend|house|practical joke,http://www.imdb.com/title/tt1220617/?ref_=fn_tt_tt_1,42,English,,TV-14,,,223,8.4,16.0,0
Color,,9,60,,904,Dylan Minnette,1000,,Drama|Fantasy,Holly Hunter,Saving Grace             ,3852,5203,Bokeem Woodbine,1,catholic|death row|inmate|oklahoma city|sexual promiscuity,http://www.imdb.com/title/tt0830900/?ref_=fn_tt_tt_1,47,English,,TV-MA,,,1000,7.5,1.78,634
Color,,38,44,,816,Dulé Hill,1000,,Comedy|Crime|Mystery,Corbin Bernsen,Psych             ,67315,4092,Timothy Omundson,2,best friend|friend|police|police department|psychic,http://www.imdb.com/title/tt0491738/?ref_=fn_tt_tt_1,127,English,,TV-PG,,,922,8.4,1.78,0
Color,,5,43,,298,Indiana Evans,562,,Crime|Drama,Dan Fogler,,6762,1587,KaDee Strickland,0,,http://www.imdb.com/title/tt3516878/?ref_=fn_tt_tt_1,27,English,,,,,560,7.7,16.0,2000
Color,,2,199,,505,Jonathan Crombie,662,,Drama|Family,Zack Ward,Anne of Green Gables             ,14251,2667,Megan Follows,0,girl|heroine|kindred spirit|orphan|rural setting,http://www.imdb.com/title/tt0088727/?ref_=fn_tt_tt_1,74,English,Canada,TV-G,,,517,8.4,1.33,0
Color,,8,60,,551,Daniella Alonso,1000,,Crime|Drama,Dorian Missick,Animal Kingdom             ,3673,3026,Ellen Barkin,0,based on film|brother brother relationship|crime family|remake|southern california,http://www.imdb.com/title/tt5574490/?ref_=fn_tt_tt_1,23,English,,,,,557,8.1,16.0,0
Color,,9,60,,904,Dylan Minnette,1000,,Drama|Fantasy,Holly Hunter,Saving Grace             ,3852,5203,Bokeem Woodbine,1,catholic|death row|inmate|oklahoma city|sexual promiscuity,http://www.imdb.com/title/tt0830900/?ref_=fn_tt_tt_1,47,English,,TV-MA,,,1000,7.5,1.78,634
Color,,5,23,,218,Tiffany Thornton,254,,Comedy|Family|Romance,Doug Brochu,Sonny with a Chance             ,7673,915,Brandon Mychal Smith,1,cafeteria|female protagonist|rival|teenage girl|teenager,http://www.imdb.com/title/tt1252374/?ref_=fn_tt_tt_1,47,English,,TV-G,,,248,6.1,1.33,325
Color,,55,25,,395,Jamie Farr,443,,Comedy|Drama|War,David Ogden Stiers,M*A*S*H             ,36265,2195,Mike Farrell,5,colonel|doctor|korean war|major|nurse,http://www.imdb.com/title/tt0068098/?ref_=fn_tt_tt_1,147,English,,TV-PG,,,421,8.4,4.0,0
Color,,22,42,,496,Gabourey Sidibe,912,,Drama|Music,Ta'Rhonda Jones,Empire             ,27418,4337,Malik Yoba,2,music business|new york city|record executive|record label|singer,http://www.imdb.com/title/tt3228904/?ref_=fn_tt_tt_1,92,English,,TV-14,,,906,7.8,16.0,14000
Color,,1,45,,119,Ash Cook,773,,Drama|Thriller,,The Secret             ,653,1393,Genevieve O'Reilly,3,adultery|baptist church|dentist|double murder|tv mini series,http://www.imdb.com/title/tt5116280/?ref_=fn_tt_tt_1,4,English,,,,,133,7.3,,405
Color,,38,11,,0,Seth Green,11,,Animation|Comedy,Matthew Senreich,Robot Chicken             ,32923,11,Breckin Meyer,0,celebrity|robot|satire|sketch comedy|stop motion animation,http://www.imdb.com/title/tt0437745/?ref_=fn_tt_tt_1,75,English,,TV-MA,,,0,7.8,1.33,1000
Color,,,197,,110,Jessica De Gouw,578,,Drama|War,Rachel Griffiths,Deadline Gallipoli             ,299,1400,,0,gallipoli|tv mini series|world war one,http://www.imdb.com/title/tt3458030/?ref_=fn_tt_tt_1,1,English,Australia,,15000000,,476,7.4,,367
Color,,10,173,,476,Colm Feore,723,,Horror|Sci-Fi|Thriller,,Creature             ,2011,3149,Megalyn Echikunwoke,3,author cameo|family relationships|island|monster|two part tv movie,http://www.imdb.com/title/tt0156205/?ref_=fn_tt_tt_1,33,English,,,,,539,5.0,1.78,518
Color,,7,44,,246,Megan Hilty,786,,Comedy|Drama|Horror|Sci-Fi|Thriller,Danny Pino,BrainDead             ,2948,1551,Zach Grenier,0,brains|exploding head|politician|swarm behavior|washington d.c.,http://www.imdb.com/title/tt4877736/?ref_=fn_tt_tt_1,28,English,,,,,341,7.9,16.0,3000
Color,,4,60,,23,Amanda Mealing,40,,Drama,Susan Hampshire,The Grand             ,437,158,Tim Healy,0,concierge|front desk|hotel|maid|prostitute,http://www.imdb.com/title/tt0118327/?ref_=fn_tt_tt_1,20,English,,,,,37,7.6,1.33,450
Color,,1,60,,213,Alan Autry,480,,Crime|Drama|Mystery,Carroll O'Connor,,2258,1736,Crystal R. Fox,1,detective|mississippi|police|police detective|small town,http://www.imdb.com/title/tt0094484/?ref_=fn_tt_tt_1,24,English,,,,,360,7.4,1.33,763
Color,,8,22,,344,Amy Sedaris,459,,Comedy,Stephen Colbert,Strangers with Candy             ,4181,1359,Maria Thayer,3,alternative comedy|female protagonist|high school|social satire|three word title,http://www.imdb.com/title/tt0194624/?ref_=fn_tt_tt_1,62,English,,TV-14,,,396,8.1,4.0,558
Color,,1,60,,143,Jon Tenney,11000,,Comedy|Drama|Romance,Anne Hathaway,Get Real             ,415,11618,Debrah Farentino,5,breaking the fourth wall|brother brother relationship|high school friends|imperative in title|skateboard,http://www.imdb.com/title/tt0212662/?ref_=fn_tt_tt_1,26,English,,,,,289,7.3,1.33,43
Color,,20,60,,543,Colin Ferguson,780,,Comedy|Drama|Sci-Fi,Joe Morton,Eureka             ,39559,4280,Salli Richardson-Whitfield,2,alternate reality|pacific northwest|small town|small town life|small town sheriff,http://www.imdb.com/title/tt0796264/?ref_=fn_tt_tt_1,136,English,,TV-14,,,747,7.9,1.78,3000
Color,,19,30,,424,Tim Daly,685,,Comedy|Drama,Steven Weber,Wings             ,7646,1884,Amy Yasbeck,5,1990s|brother brother relationship|nantucket island|one word title|sister sister relationship,http://www.imdb.com/title/tt0098948/?ref_=fn_tt_tt_1,56,English,,,,,511,7.3,1.33,1000
Color,,13,120,,,Michael Douglas,416,,Action|Crime|Drama|Mystery,Karl Malden,The Streets of San Francisco             ,3405,416,,0,city name in series title|homicide|older man younger man relationship|place in series title|police partner,http://www.imdb.com/title/tt0068135/?ref_=fn_tt_tt_1,13,English,,,,,0,7.3,4.0,533
Color,,8,60,,109,Tucker Smallwood,210,,Drama|Sci-Fi,James Morrison,Space: Above and Beyond             ,6381,611,Kristen Cloke,0,alien|born in vitro|in vitro fertilization|marine|outer space,http://www.imdb.com/title/tt0112173/?ref_=fn_tt_tt_1,79,English,,,5000000,,121,7.7,1.33,963
Color,,19,27,,201,Riley Keough,934,,Drama,,The Girlfriend Experience             ,3282,1961,Paul Sparks,0,escort|female nudity|friendship|money|sex scene,http://www.imdb.com/title/tt3846642/?ref_=fn_tt_tt_1,17,English,,TV-MA,,,691,7.3,,632
Color,,2,,,206,John Jarratt,511,,Drama|Horror|Thriller,Richard Cawthorne,Wolf Creek             ,726,1617,,0,based on true story|blood|serial killer|slasher|tv mini series,http://www.imdb.com/title/tt4460878/?ref_=fn_tt_tt_1,6,English,Australia,,,,457,7.1,2.0,954
Color,,,30,,223,,775,,Comedy,,Jesse             ,954,1713,Bruno Campos,8,1990s|brother sister relationship|female protagonist|single mother|sitcom,http://www.imdb.com/title/tt0156196/?ref_=fn_tt_tt_1,14,English,,,,,275,5.9,,57
Color,,75,60,,833,Masi Oka,1000,,Drama|Fantasy|Sci-Fi|Thriller,Sendhil Ramamurthy,Heroes             ,202115,4908,Greg Grunberg,4,father daughter relationship|serial killer|superhero|supernatural power|vision of the future,http://www.imdb.com/title/tt0813715/?ref_=fn_tt_tt_1,379,English,,TV-14,,,923,7.7,16.0,0
Color,,11,22,,6,,59,,Animation|Comedy|Drama,Brendon Small,Home Movies             ,7458,81,Melissa Bardin Galsky,0,coach|friend|school|series|tv series,http://www.imdb.com/title/tt0197159/?ref_=fn_tt_tt_1,82,English,,TV-PG,,,11,8.2,1.33,526
Color,,23,43,,576,Tracy Spiridakos,2000,,Action|Adventure|Drama|Sci-Fi,Billy Burke,Revolution             ,72017,5052,,6,2020s|near future|one word series title|post apocalypse|year 2027,http://www.imdb.com/title/tt2070791/?ref_=fn_tt_tt_1,323,English,,TV-14,,,821,6.7,16.0,17000
Color,,11,58,,250,,887,,Crime|Drama,Shirley Henderson,Happy Valley             ,12848,2572,,1,caravan|police|police sergeant|tied to a chair|yorkshire,http://www.imdb.com/title/tt3428912/?ref_=fn_tt_tt_1,59,English,,TV-MA,,,340,8.5,16.0,10000
Color,,43,43,,319,Valorie Curry,841,,Crime|Drama|Mystery|Thriller,,The Following             ,73839,1753,,1,cult|fbi|hideout|prison escape|serial killer,http://www.imdb.com/title/tt2071645/?ref_=fn_tt_tt_1,359,English,,TV-14,,,593,7.5,16.0,32000
r,director_name,num_critic_for_reviews,duration,director_facebook_likes,actor_3_facebook_likes,actor_2_name,actor_1_facebook_likes,gross,genres,actor_1_name,movie_title,num_voted_users,cast_total_facebook_likes,actor_3_name,facenumber_in_poster,plot_keywords,movie_imdb_link,num_user_for_reviews,language,country,content_rating,budget,title_year,actor_2_facebook_likes,imdb_score,aspect_ratio,movie_facebook_likes
 Black and White,D.W. Griffith,69,123,204,9,Mae Marsh,436,,Drama|History|War,,,10718,481,,1,huguenot|intolerance|medicis|protestant|wedding,http://www.imdb.com/title/tt0006864/?ref_=fn_tt_tt_1,88,,,,385907,1916,22,8.0,1.33,691
 Black and White,Harry F. Millarde,1,110,0,0,Johnnie Walker,2,3000000,Crime|Drama,Stephen Carr,Over the Hill to the Poorhouse ,5,4,Mary Carr,1,family relationships|gang|idler|poorhouse|thief,http://www.imdb.com/title/tt0011549/?ref_=fn_tt_tt_1,1,,,,100000,1920,2,4.8,1.33,0
 Black and White,King Vidor,48,151,54,6,Renée Adorée,81,,Drama|Romance|War,John Gilbert,The Big Parade ,4849,108,Claire Adams,0,chewing gum|climbing a tree|france|translation problems|world war one,http://www.imdb.com/title/tt0015624/?ref_=fn_tt_tt_1,45,,,,245000,1925,12,8.3,1.33,226
 Black and White,,260,145,756,18,Gustav Fröhlich,136,26435,Drama|Sci-Fi,Brigitte Helm,Metropolis ,111841,203,Rudolf Klein-Rogge,1,art deco|bible quote|dance|silent film|worker,http://www.imdb.com/title/tt0017136/?ref_=fn_tt_tt_1,413,German,Germany,,6000000,1927,23,8.3,1.33,12000
 Black and White,Georg Wilhelm Pabst,71,110,21,3,,426,9950,Crime|Drama|Romance,,Pandora's Box ,7431,455,Fritz Kortner,1,escape|femme fatale|german expressionism|lust|violence,http://www.imdb.com/title/tt0018737/?ref_=fn_tt_tt_1,84,German,Germany,,,1929,20,8.0,1.33,926
 Black and White,Harry Beaumont,36,100,4,4,,77,2808000,Musical|Romance,Anita Page,The Broadway Melody ,4546,109,Charles King,8,sibling rivalry|singer|sister act|whistling|wisecrack humor,http://www.imdb.com/title/tt0019729/?ref_=fn_tt_tt_1,71,English,,Passed,379000,1929,28,6.3,1.37,167
 Black and White,Howard Hughes,35,96,177,4,Marian Marsh,431,,Drama|War,Jean Harlow,Hell's Angels ,3753,457,James Hall,1,bomb|bombing mission|munitions|oxford|royal flying corps,http://www.imdb.com/title/tt0020960/?ref_=fn_tt_tt_1,53,English,,Passed,3950000,1930,12,7.8,1.2,279
 Black and White,Frank Borzage,42,79,57,99,Helen Hayes,998,,Drama|Romance|War,Gary Cooper,A Farewell to Arms ,3519,1284,Adolphe Menjou,1,1910s|ambulance driver|italy|lake|nurse,http://www.imdb.com/title/tt0022879/?ref_=fn_tt_tt_1,46,English,,,800000,1932,164,6.6,1.37,213
 Black and White,,65,89,24,45,Dick Powell,610,2300000,Comedy|Musical|Romance,Ginger Rogers,42nd Street ,7921,995,George Brent,2,chorus girl|chorus line|director|gala premiere|song,http://www.imdb.com/title/tt0024034/?ref_=fn_tt_tt_1,97,English,,,439000,1933,105,7.7,1.37,439
 Black and White,,35,66,16,28,Gilbert Roland,418,,Comedy|Drama|History|Musical|Romance,Mae West,She Done Him Wrong ,4152,583,,1,captain|marriage proposal|saloon|saloon singer|singer,http://www.imdb.com/title/tt0024548/?ref_=fn_tt_tt_1,59,English,,Approved,200000,1933,85,6.5,1.37,328
 Black and White,Frank Capra,124,65,964,21,Alan Hale,380,,Comedy|Romance,Claudette Colbert,,64888,540,Walter Connolly,1,bus|detective|love|money|reporter,http://www.imdb.com/title/tt0025316/?ref_=fn_tt_tt_1,235,English,,,325000,1934,114,8.2,1.37,0
 Black and White,Mark Sandrich,66,81,10,23,Edward Everett Horton,610,3000000,Comedy|Musical|Romance,Ginger Rogers,Top Hat ,13269,824,Eric Blore,2,dance|dancer|dancing|horse|tap dancing,http://www.imdb.com/title/tt0027125/?ref_=fn_tt_tt_1,98,English,,Approved,609000,1935,172,7.8,1.37,1000
 Black and White,Charles Chaplin,120,87,0,8,Stanley Blystone,309,163245,Comedy|Drama|Family,Paulette Goddard,Modern Times ,143086,352,Fred Malatesta,1,actor director writer|invention|machine|music score composed by director|tramp,http://www.imdb.com/title/tt0027977/?ref_=fn_tt_tt_1,211,English,,G,1500000,1936,8,8.6,1.37,0
 Black and White,Michael Curtiz,24,100,345,94,,843,,Action|Adventure|Romance|War,Errol Flynn,,3418,1621,Spring Byington,3,attack|fort|india|lancer|massacre,http://www.imdb.com/title/tt0027438/?ref_=fn_tt_tt_1,52,English,,Approved,1200000,1936,490,7.1,1.37,204
 Black and White,John Cromwell,7,101,19,135,Mary Astor,490,,Adventure|Drama|Romance,,The Prisoner of Zenda ,3256,1166,Ronald Colman,2,coronation|fictitious country|king|princess|swashbuckler,http://www.imdb.com/title/tt0029442/?ref_=fn_tt_tt_1,44,English,,Approved,,1937,185,7.8,1.37,337
Color,William Cottrell,145,83,0,31,Billy Gilbert,82,184925485,Animation|Family|Fantasy|Musical,Adriana Caselotti,Snow White and the Seven Dwarfs ,133348,229,,1,dwarf|love|princess|queen|snow white,http://www.imdb.com/title/tt0029583/?ref_=fn_tt_tt_1,204,English,,Approved,2000000,1937,47,7.7,1.37,0
 Black and White,Henry King,10,106,85,300,Don Ameche,480,,Drama|Musical|Romance,Tyrone Power,Alexander's Ragtime Band ,1381,1833,John Carradine,2,band|dance|ragtime|singer|violinist,http://www.imdb.com/title/tt0029852/?ref_=fn_tt_tt_1,29,English,,Approved,2000000,1938,392,7.0,1.37,60
 Black and White,Frank Capra,51,126,964,275,Ann Miller,319,,Comedy|Drama|Romance,Jean Arthur,You Can't Take It with You ,17799,1363,,10,eccentric|friend|house|monopoly|stenographer,http://www.imdb.com/title/tt0030993/?ref_=fn_tt_tt_1,133,English,,Approved,1644736,1938,302,8.0,1.37,0
Color,Victor Fleming,157,226,149,248,George Reeves,503,198655278,Drama|History|Romance|War,Hattie McDaniel,Gone with the Wind ,215340,1862,Thomas Mitchell,1,battle of the sexes|gallantry|honesty|indifference|scandal,http://www.imdb.com/title/tt0031381/?ref_=fn_tt_tt_1,706,English,,G,3977000,1939,384,8.2,1.37,16000
 Black and White,Victor Fleming,213,102,149,357,Terry,695,22202612,Adventure|Family|Fantasy|Musical,Margaret Hamilton,The Wizard of Oz ,291875,2509,Billie Burke,3,evil witch|tornado|witch|wizard|wizard of oz,http://www.imdb.com/title/tt0032138/?ref_=fn_tt_tt_1,533,English,,Passed,2800000,1939,421,8.1,1.37,14000
 Black and White,Frank Capra,96,120,964,248,Jean Arthur,607,,Comedy|Drama,Claude Rains,Mr. Smith Goes to Washington ,77392,1573,Thomas Mitchell,7,camp|corruption|governor|senate|u.s. senate,http://www.imdb.com/title/tt0031679/?ref_=fn_tt_tt_1,245,English,,,1500000,1939,319,8.2,1.37,0
Color,,105,88,3,40,Dickie Jones,1000,84300000,Animation|Family|Fantasy|Musical,Mel Blanc,Pinocchio ,90360,1178,Cliff Edwards,0,boy|conscience|fairy|jiminy cricket|pinocchio,http://www.imdb.com/title/tt0032910/?ref_=fn_tt_tt_1,147,English,,Approved,2600000,1940,48,7.5,1.37,0
Color,James Algar,99,120,11,,Deems Taylor,16,76400000,Animation|Family|Fantasy|Music,,Fantasia ,71321,16,,0,apprentice|classical music|disney|mouse|orchestra,http://www.imdb.com/title/tt0032455/?ref_=fn_tt_tt_1,230,English,,G,2280000,1940,0,7.8,1.37,3000
 Black and White,Jack Conway,12,119,6,380,Spencer Tracy,1000,,Adventure|Drama|Romance|Western,,Boom Town ,2269,2555,Claudette Colbert,8,oil|oil field|oil tycoon|partnership|wildcatter,http://www.imdb.com/title/tt0032273/?ref_=fn_tt_tt_1,34,English,,Passed,1614000,1940,760,7.1,1.37,236
 Black and White,Alfred Hitchcock,144,130,13000,333,Joan Fontaine,1000,,,,Rebecca ,87424,2888,George Sanders,2,death|estate|housekeeper|love|monte carlo,http://www.imdb.com/title/tt0032976/?ref_=fn_tt_tt_1,276,English,,,1288000,1940,991,8.2,1.37,0
 Black and White,,7,83,9,51,,94,,Drama|Family|Fantasy,Spring Byington,The Blue Bird ,1047,293,Gale Sondergaard,1,1800s|bird|blue bird of happiness|foreign language adaptation|past,http://www.imdb.com/title/tt0032264/?ref_=fn_tt_tt_1,25,English,,Approved,,1940,62,6.5,1.37,548
 Black and White,John Ford,74,118,673,137,Walter Pidgeon,595,,Drama|Family,Roddy McDowall,How Green Was My Valley ,15840,1129,Barry Fitzgerald,5,coal mine|girl|school|village|wales,http://www.imdb.com/title/tt0033729/?ref_=fn_tt_tt_1,124,English,,Approved,1250000,1941,176,7.8,1.37,0
Color,Michael Curtiz,242,82,345,269,Claude Rains,2000,,Drama|Romance|War,Humphrey Bogart,Casablanca ,387508,3442,Conrad Veidt,4,american expatriate|casablanca morocco|gestapo|police|visa,http://www.imdb.com/title/tt0034583/?ref_=fn_tt_tt_1,1123,English,,PG,950000,1942,607,8.6,1.37,23000
Color,James Algar,116,70,11,8,Donnie Dunagan,16,102797150,Animation|Drama|Family,Sam Edwards,Bambi ,94225,63,Ann Gillis,0,animal|bambi|deer|forest|hunter,http://www.imdb.com/title/tt0034492/?ref_=fn_tt_tt_1,136,English,,Approved,,1942,12,7.4,1.33,0
 Black and White,Victor Fleming,9,122,149,315,Esther Williams,760,,Drama|Fantasy|Romance|War,Spencer Tracy,,1553,2555,Irene Dunne,0,heaven|pilot|teacher|training|world war two,http://www.imdb.com/title/tt0035959/?ref_=fn_tt_tt_1,27,English,,Passed,2627000,1943,675,7.0,1.37,116
Color,George Sidney,8,101,24,226,Basil Rathbone,675,,Comedy|Musical,Esther Williams,Bathing Beauty ,1079,1627,Red Skelton,2,college|teacher|theatrical producer|tutu|wedding,http://www.imdb.com/title/tt0036628/?ref_=fn_tt_tt_1,28,English,,Passed,2361000,1944,659,6.5,1.37,144
Color,,17,100,9,37,Jeanne Crain,188,,Musical|Romance,Dana Andrews,State Fair ,2756,496,Frank McHugh,2,fair|farm|iowa|newspaper|state fair,http://www.imdb.com/title/tt0038116/?ref_=fn_tt_tt_1,55,English,,Approved,,1945,135,7.1,1.37,501
 Black and White,Tay Garnett,7,119,10,275,Greer Garson,509,,Drama,Jessica Tandy,The Valley of Decision ,1314,1490,,0,immigrant|maid|steel mill|strike|union,http://www.imdb.com/title/tt0038213/?ref_=fn_tt_tt_1,29,English,,Passed,2160000,1945,284,7.5,1.37,68
Color,Alfred Hitchcock,97,95,13000,82,Rhonda Fleming,472,,,,Spellbound ,32927,896,,1,amnesia|dream analysis|dream sequence|guilt complex|post traumatic stress disorder,http://www.imdb.com/title/tt0038109/?ref_=fn_tt_tt_1,161,English,,,1696377,1945,239,7.6,1.37,0
 Black and White,Billy Wilder,97,101,0,66,Jane Wyman,287,,,Ray Milland,,24959,581,Frank Faylen,4,addiction|alcoholic|alcoholism|paranoia|suicidal thoughts,http://www.imdb.com/title/tt0037884/?ref_=fn_tt_tt_1,136,English,,,1250000,1945,160,8.0,1.37,0
Color,King Vidor,32,144,54,332,,469,20400000,Drama|Romance|Western,Joseph Cotten,Duel in the Sun ,6304,2037,Jennifer Jones,0,box office hit|half breed|infidelity|shooting|texas,http://www.imdb.com/title/tt0038499/?ref_=fn_tt_tt_1,87,English,,,8000000,1946,436,6.9,1.37,403
Color,Frank Capra,206,118,964,248,,488,,Drama|Family|Fantasy|Romance,Donna Reed,,275720,1844,Thomas Mitchell,0,angel|bank|guardian angel|second chance|small town life,http://www.imdb.com/title/tt0038650/?ref_=fn_tt_tt_1,706,English,,PG,3180000,1946,275,8.6,1.37,41000
 Black and White,William Wyler,97,172,355,188,Teresa Wright,749,23650000,Drama|Romance|War,,,40359,1941,Dana Andrews,5,love|pity|readjusting to civilian life|veteran|world war two veteran,http://www.imdb.com/title/tt0036868/?ref_=fn_tt_tt_1,235,English,,,2100000,1946,208,8.1,1.37,0
Color,Richard Wallace,9,95,5,100,Paul Fix,197,,Adventure|Drama|Romance,Judith Anderson,Tycoon ,989,538,,1,engineer|ethics|mountain|railroad|south america,http://www.imdb.com/title/tt0039927/?ref_=fn_tt_tt_1,23,English,,Approved,3209000,1947,116,6.2,1.37,44
 Black and White,Elia Kazan,61,118,603,167,Celeste Holm,936,,Drama|Romance,Dean Stockwell,Gentleman's Agreement ,10791,1846,John Garfield,3,bigotry|jewish|prejudice|racism|writer,http://www.imdb.com/title/tt0039416/?ref_=fn_tt_tt_1,113,English,,Approved,2000000,1947,297,7.4,1.37,0
 Black and White,Orson Welles,90,92,0,18,Everett Sloane,1000,7927,,Rita Hayworth,,19236,1055,Ted de Corsia,1,law partner|murder|partner|seaman|yacht,http://www.imdb.com/title/tt0040525/?ref_=fn_tt_tt_1,175,English,,,2300000,1947,29,7.7,1.37,0
Color,Vincente Minnelli,41,102,136,48,Reginald Owen,89,2956000,Adventure|Comedy|Musical|Romance,Gladys Cooper,The Pirate ,3258,282,Ellen Ross,0,hoop|horseback riding|love|pirate|singer,http://www.imdb.com/title/tt0040694/?ref_=fn_tt_tt_1,54,English,,Approved,3700000,1948,78,7.1,1.37,359
 Black and White,Howard Hawks,91,126,393,281,Walter Brennan,862,,Action|Adventure|Romance|Western,Montgomery Clift,Red River ,21316,2269,Harry Carey Jr.,0,cattle|cattle drive|cowboy|kansas|texas,http://www.imdb.com/title/tt0040724/?ref_=fn_tt_tt_1,162,English,,Approved,3000000,1948,376,7.8,1.37,0
 Black and White,John Reinhardt,1,68,2,75,John Ireland,142,,Crime|Drama,,Open Secret ,67,354,Arthur O'Connell,3,anti semitism|gangster,http://www.imdb.com/title/tt0040671/?ref_=fn_tt_tt_1,9,English,,Approved,,1948,86,7.1,1.37,10
Color,John Ford,55,103,673,89,Ben Johnson,281,,Western,Harry Carey Jr.,She Wore a Yellow Ribbon ,11920,955,,1,captain|cavalry|fort|retirement|yellow ribbon,http://www.imdb.com/title/tt0041866/?ref_=fn_tt_tt_1,90,English,,,1600000,1949,230,7.4,1.37,721
 Black and White,Allan Dwan,40,109,23,88,Richard Jaeckel,183,,Action|Drama|Romance|War,James Brown,Sands of Iwo Jima ,7346,510,Forrest Tucker,0,battle|combat|heroic military|sergeant|tarawa,http://www.imdb.com/title/tt0041841/?ref_=fn_tt_tt_1,69,English,,Approved,1000000,1949,102,7.2,1.37,624
Color,George Sidney,21,107,24,83,Howard Keel,277,8000000,Biography|Comedy|Musical|Romance|Western,Keenan Wynn,Annie Get Your Gun ,3167,731,Betty Hutton,0,girl|gun|love|sharpshooter|the end,http://www.imdb.com/title/tt0042200/?ref_=fn_tt_tt_1,90,English,,Passed,3768785,1950,244,7.0,1.37,456
Color,,54,171,54,346,Deborah Kerr,440,,Biography|Drama|History|Romance,,Quo Vadis ,9808,1373,Robert Taylor,0,christian|emperor|general|hostage|nero,http://www.imdb.com/title/tt0043949/?ref_=fn_tt_tt_1,90,English,,Passed,7623000,1951,426,7.2,1.37,1000
Color,George Sidney,14,108,24,244,Ava Gardner,960,,Drama|Family|Musical|Romance,Agnes Moorehead,Show Boat ,3538,2329,Howard Keel,3,gambling|interracial marriage|love|miscegenation|showboat,http://www.imdb.com/title/tt0044030/?ref_=fn_tt_tt_1,46,English,,Approved,2295429,1951,715,7.0,1.33,438
 Black and White,Elia Kazan,94,125,603,114,Karl Malden,10000,,Drama,Marlon Brando,,78454,10570,Kim Hunter,0,